{"cameraMode":{"drawMode":0,"name":"Shaded","section":"Shading Mode"},"sceneLighting":false,"audioPlay":false,"sceneViewState":{"showFog":true,"showMaterialUpdate":false,"showSkybox":false,"showFlares":true,"showImageEffects":true,"showParticleSystems":true},"in2DMode":false,"pivot":{"x":0.493480384349823,"y":-1.6825182437896729,"z":0.4078524112701416},"rotation":{"x":-0.08700928092002869,"y":0.9011730551719666,"z":-0.21367624402046204,"w":-0.36695897579193118},"size":3.170400857925415,"orthographic":false}