{"cameraMode":{"drawMode":0,"name":"Shaded","section":"Shading Mode"},"sceneLighting":false,"audioPlay":false,"sceneViewState":{"showFog":true,"showMaterialUpdate":false,"showSkybox":false,"showFlares":true,"showImageEffects":true,"showParticleSystems":true},"in2DMode":false,"pivot":{"x":-0.039816856384277347,"y":0.04980587959289551,"z":-0.04053974151611328},"rotation":{"x":-0.1549714207649231,"y":0.844464898109436,"z":-0.3789488673210144,"w":-0.3453446924686432},"size":2.5187466144561769,"orthographic":false}