{"cameraMode":{"drawMode":0,"name":"Shaded","section":"Shading Mode"},"sceneLighting":false,"audioPlay":false,"sceneViewState":{"showFog":true,"showMaterialUpdate":false,"showSkybox":false,"showFlares":true,"showImageEffects":true,"showParticleSystems":true},"in2DMode":false,"pivot":{"x":5.960464477539063e-8,"y":1.4008276462554932,"z":1.7881393432617188e-7},"rotation":{"x":-0.17291049659252168,"y":0.8268572688102722,"z":-0.3890756368637085,"w":-0.3674668073654175},"size":2.1874027252197267,"orthographic":false}