{"cameraMode":{"drawMode":0,"name":"Shaded","section":"Shading Mode"},"sceneLighting":false,"audioPlay":false,"sceneViewState":{"showFog":true,"showMaterialUpdate":false,"showSkybox":false,"showFlares":true,"showImageEffects":true,"showParticleSystems":true},"in2DMode":false,"pivot":{"x":-1.1092864274978638,"y":-1.0668981075286866,"z":0.6908976435661316},"rotation":{"x":-0.2975148558616638,"y":0.30680444836616518,"z":-0.10160708427429199,"w":-0.8983543515205383},"size":2.8311877250671388,"orthographic":false}