{"cameraMode":{"drawMode":0,"name":"Shaded","section":"Shading Mode"},"sceneLighting":false,"audioPlay":false,"sceneViewState":{"showFog":true,"showMaterialUpdate":false,"showSkybox":false,"showFlares":true,"showImageEffects":true,"showParticleSystems":true},"in2DMode":false,"pivot":{"x":-1.0170507431030274,"y":0.27368268370628359,"z":0.3427651524543762},"rotation":{"x":-0.14010195434093476,"y":0.7037529945373535,"z":-0.14471600949764253,"w":-0.6813115477561951},"size":2.5643436908721926,"orthographic":false}