{"cameraMode":{"drawMode":0,"name":"Shaded","section":"Shading Mode"},"sceneLighting":false,"audioPlay":false,"sceneViewState":{"showFog":true,"showMaterialUpdate":false,"showSkybox":true,"showFlares":true,"showImageEffects":true,"showParticleSystems":true},"in2DMode":false,"pivot":{"x":2.3597607612609865,"y":9.06993293762207,"z":-19.49606704711914},"rotation":{"x":0.40238726139068606,"y":-0.13247716426849366,"z":0.058935292065143588,"w":0.9039386510848999},"size":1.277164340019226,"orthographic":false}