{"cameraMode":{"drawMode":0,"name":"Shaded","section":"Shading Mode"},"sceneLighting":false,"audioPlay":false,"sceneViewState":{"showFog":true,"showMaterialUpdate":false,"showSkybox":false,"showFlares":true,"showImageEffects":true,"showParticleSystems":true},"in2DMode":false,"pivot":{"x":540.899658203125,"y":960.450927734375,"z":0.0},"rotation":{"x":0.022497864440083505,"y":0.004498844034969807,"z":-0.00010124130494659767,"w":0.9997363686561585},"size":1.0063402652740479,"orthographic":false}